{"TimeSeries": {"Bayesian Ridge": 0.5223498309793004, "Decision Tree": 2.5081774485981305, "Gaussian Process": 0.7058624401590277, "Gradient Boost": 29.700733013850993, "K Neighbor": 8.92179849010005, "Linear Regression": 0.73671244870363, "Random Forest": 19.898803038866806, "SVR": 1.1855426592910838}, "News": {"Bayesian Ridge": 27.707242127336823, "Decision Tree": 33.19808397663552, "Gaussian Process": 29.869217095399158, "Gradient Boost": 29.324228904260202, "K Neighbor": 28.63945781322305, "Linear Regression": 27.558387821624734, "Random Forest": 29.35309500278371, "SVR": 26.298479967695936}}